ITERATION;avg. Average Leg distance;avg. Average Trip distance
0;1158.880708888209;4357.391465419666
1;1158.880708888209;4357.391465419666
2;1158.880708888209;4357.391465419666
3;1166.0726619683658;4337.790302522321
4;1159.176734643634;4358.504522260064
5;1159.176734643634;4358.504522260064
6;1159.176734643634;4358.504522260064
7;1168.709415842466;4347.599026933973
8;1161.284052072574;4366.428035792878
9;1164.0333320409304;4376.765328473899
10;1168.1587737090235;4368.913813671748
