iteration;avg_executed;avg_worst;avg_average;avg_best
0;27.468448990195423;27.468448990195423;27.468448990195423;27.468448990195423
